candidate_id,generation_seed,iptm,ptm,binder_plddt_residue,target_plddt_residue,pae_a_to_b_angstrom,pae_b_to_a_angstrom,binder_ca_rmsd_angstrom,binder_rmsd_after_target_alignment_angstrom,inference_seconds,threshold_pass,structure,job
baseline_pdl1_60aa_16seeds_seed_46_bb_0_seq_0,46,0.8270412683486938,0.8950124382972717,83.85294342041016,88.38011932373047,5.4109344482421875,4.60935115814209,8.89771842956543,25.2320499420166,13.49487757962197,,/nvme-data3/yusen/worksapce/MolClaw/interaction-design-mvp/artifacts/complex-assessments/20260905T144133Z-b01a8b0b/executions/20260905T144156Z-27ecb2f0/output/candidate0000/complex.cif,/nvme-data3/yusen/worksapce/MolClaw/interaction-design-mvp/artifacts/complex-assessments/20260905T144133Z-b01a8b0b
baseline_pdl1_60aa_16seeds_seed_52_bb_0_seq_0,52,0.6592608094215393,0.8055726885795593,63.26924514770508,85.07872009277344,13.07697582244873,7.022861957550049,1.974040150642395,14.490615844726562,12.063449741341174,,/nvme-data3/yusen/worksapce/MolClaw/interaction-design-mvp/artifacts/complex-assessments/20260905T145716Z-464c8a4a/executions/20260905T145800Z-317ba2d6/output/candidate0007/complex.cif,/nvme-data3/yusen/worksapce/MolClaw/interaction-design-mvp/artifacts/complex-assessments/20260905T145716Z-464c8a4a
baseline_pdl1_60aa_16seeds_seed_43_bb_0_seq_0,43,0.5297530293464661,0.7643199563026428,63.03469467163086,82.98248291015625,14.061704635620117,9.30040454864502,8.872363090515137,14.658001899719238,13.287470967508852,,/nvme-data3/yusen/worksapce/MolClaw/interaction-design-mvp/artifacts/complex-assessments/20260905T145716Z-464c8a4a/executions/20260905T145800Z-317ba2d6/output/candidate0000/complex.cif,/nvme-data3/yusen/worksapce/MolClaw/interaction-design-mvp/artifacts/complex-assessments/20260905T145716Z-464c8a4a
baseline_pdl1_60aa_16seeds_seed_53_bb_0_seq_0,53,0.3137212097644806,0.6888172626495361,44.16474533081055,81.35850524902344,21.889358520507812,13.258785247802734,10.72567081451416,20.20035743713379,11.867493877187371,,/nvme-data3/yusen/worksapce/MolClaw/interaction-design-mvp/artifacts/complex-assessments/20260905T145716Z-464c8a4a/executions/20260905T145800Z-317ba2d6/output/candidate0008/complex.cif,/nvme-data3/yusen/worksapce/MolClaw/interaction-design-mvp/artifacts/complex-assessments/20260905T145716Z-464c8a4a
baseline_pdl1_60aa_16seeds_seed_48_bb_0_seq_0,48,0.2402384728193283,0.6541503667831421,61.98414611816406,78.42027282714844,20.620271682739258,15.606195449829102,1.8403904438018799,7.193282127380371,11.8176761996001,,/nvme-data3/yusen/worksapce/MolClaw/interaction-design-mvp/artifacts/complex-assessments/20260905T145716Z-464c8a4a/executions/20260905T145800Z-317ba2d6/output/candidate0004/complex.cif,/nvme-data3/yusen/worksapce/MolClaw/interaction-design-mvp/artifacts/complex-assessments/20260905T145716Z-464c8a4a
baseline_pdl1_60aa_16seeds_seed_56_bb_0_seq_0,56,0.2114691138267517,0.6546042561531067,49.369728088378906,79.51683807373047,23.235645294189453,17.297683715820312,2.7015392780303955,21.312902450561523,11.633874078281224,,/nvme-data3/yusen/worksapce/MolClaw/interaction-design-mvp/artifacts/complex-assessments/20260905T145716Z-464c8a4a/executions/20260905T145800Z-317ba2d6/output/candidate0010/complex.cif,/nvme-data3/yusen/worksapce/MolClaw/interaction-design-mvp/artifacts/complex-assessments/20260905T145716Z-464c8a4a
baseline_pdl1_60aa_16seeds_seed_54_bb_0_seq_0,54,0.20781856775283813,0.6388235688209534,50.55881118774414,77.12828826904297,22.6560001373291,17.01033592224121,11.518499374389648,20.734840393066406,11.618941441178322,,/nvme-data3/yusen/worksapce/MolClaw/interaction-design-mvp/artifacts/complex-assessments/20260905T144133Z-b01a8b0b/executions/20260905T144156Z-27ecb2f0/output/candidate0001/complex.cif,/nvme-data3/yusen/worksapce/MolClaw/interaction-design-mvp/artifacts/complex-assessments/20260905T144133Z-b01a8b0b
baseline_pdl1_60aa_16seeds_seed_57_bb_0_seq_0,57,0.20696227252483368,0.6576938033103943,46.51763916015625,79.3626708984375,23.070558547973633,15.072879791259766,9.566889762878418,14.812186241149902,11.699066850356758,,/nvme-data3/yusen/worksapce/MolClaw/interaction-design-mvp/artifacts/complex-assessments/20260905T145716Z-464c8a4a/executions/20260905T145800Z-317ba2d6/output/candidate0011/complex.cif,/nvme-data3/yusen/worksapce/MolClaw/interaction-design-mvp/artifacts/complex-assessments/20260905T145716Z-464c8a4a
baseline_pdl1_60aa_16seeds_seed_51_bb_0_seq_0,51,0.20462848246097565,0.6156200766563416,40.33143997192383,74.99553680419922,24.388317108154297,17.332544326782227,8.994165420532227,13.84838581085205,12.199327724985778,,/nvme-data3/yusen/worksapce/MolClaw/interaction-design-mvp/artifacts/complex-assessments/20260905T145716Z-464c8a4a/executions/20260905T145800Z-317ba2d6/output/candidate0006/complex.cif,/nvme-data3/yusen/worksapce/MolClaw/interaction-design-mvp/artifacts/complex-assessments/20260905T145716Z-464c8a4a
baseline_pdl1_60aa_16seeds_seed_50_bb_0_seq_0,50,0.18952515721321106,0.6424217820167542,43.699092864990234,78.68252563476562,24.446767807006836,16.65969467163086,5.297921180725098,17.4615535736084,8.621881557628512,,/nvme-data3/yusen/worksapce/MolClaw/interaction-design-mvp/artifacts/complex-assessments/20260905T144133Z-b01a8b0b/executions/20260905T144156Z-27ecb2f0/output/candidate0002/complex.cif,/nvme-data3/yusen/worksapce/MolClaw/interaction-design-mvp/artifacts/complex-assessments/20260905T144133Z-b01a8b0b
baseline_pdl1_60aa_16seeds_seed_47_bb_0_seq_0,47,0.1725608855485916,0.5979759097099304,55.750274658203125,74.99755859375,22.83420753479004,20.4582462310791,12.969428062438965,26.41379165649414,11.737808279693127,,/nvme-data3/yusen/worksapce/MolClaw/interaction-design-mvp/artifacts/complex-assessments/20260905T145716Z-464c8a4a/executions/20260905T145800Z-317ba2d6/output/candidate0003/complex.cif,/nvme-data3/yusen/worksapce/MolClaw/interaction-design-mvp/artifacts/complex-assessments/20260905T145716Z-464c8a4a
baseline_pdl1_60aa_16seeds_seed_49_bb_0_seq_0,49,0.1712673455476761,0.6459943652153015,56.87107467651367,79.61898040771484,25.43879508972168,17.3927001953125,1.2236813306808472,17.634807586669922,11.694501074962318,,/nvme-data3/yusen/worksapce/MolClaw/interaction-design-mvp/artifacts/complex-assessments/20260905T145716Z-464c8a4a/executions/20260905T145800Z-317ba2d6/output/candidate0005/complex.cif,/nvme-data3/yusen/worksapce/MolClaw/interaction-design-mvp/artifacts/complex-assessments/20260905T145716Z-464c8a4a
baseline_pdl1_60aa_16seeds_seed_58_bb_0_seq_0,58,0.1663280576467514,0.6446037888526917,42.91854476928711,80.11434936523438,25.56328582763672,16.64458465576172,6.253848075866699,14.410545349121094,11.938869689591229,,/nvme-data3/yusen/worksapce/MolClaw/interaction-design-mvp/artifacts/complex-assessments/20260905T145716Z-464c8a4a/executions/20260905T145800Z-317ba2d6/output/candidate0012/complex.cif,/nvme-data3/yusen/worksapce/MolClaw/interaction-design-mvp/artifacts/complex-assessments/20260905T145716Z-464c8a4a
baseline_pdl1_60aa_16seeds_seed_45_bb_0_seq_0,45,0.15001827478408813,0.6621129512786865,50.875675201416016,83.7037124633789,26.4293212890625,17.448665618896484,7.559413433074951,15.303313255310059,11.797638950869441,,/nvme-data3/yusen/worksapce/MolClaw/interaction-design-mvp/artifacts/complex-assessments/20260905T145716Z-464c8a4a/executions/20260905T145800Z-317ba2d6/output/candidate0002/complex.cif,/nvme-data3/yusen/worksapce/MolClaw/interaction-design-mvp/artifacts/complex-assessments/20260905T145716Z-464c8a4a
baseline_pdl1_60aa_16seeds_seed_44_bb_0_seq_0,44,0.13705196976661682,0.623431384563446,49.201438903808594,77.59819793701172,26.175987243652344,19.015336990356445,3.164999485015869,19.47188949584961,8.675457760691643,,/nvme-data3/yusen/worksapce/MolClaw/interaction-design-mvp/artifacts/complex-assessments/20260905T145716Z-464c8a4a/executions/20260905T145800Z-317ba2d6/output/candidate0001/complex.cif,/nvme-data3/yusen/worksapce/MolClaw/interaction-design-mvp/artifacts/complex-assessments/20260905T145716Z-464c8a4a
baseline_pdl1_60aa_16seeds_seed_55_bb_0_seq_0,55,0.12343649566173553,0.6082459092140198,47.223419189453125,76.33487701416016,26.65049934387207,20.057327270507812,4.84803581237793,20.508872985839844,8.802809831686318,,/nvme-data3/yusen/worksapce/MolClaw/interaction-design-mvp/artifacts/complex-assessments/20260905T145716Z-464c8a4a/executions/20260905T145800Z-317ba2d6/output/candidate0009/complex.cif,/nvme-data3/yusen/worksapce/MolClaw/interaction-design-mvp/artifacts/complex-assessments/20260905T145716Z-464c8a4a
